"Год","Регион","Всего регистраций","0-13","14-17","18-24","25-35","36-55","55+"
2026,"",3443,23,318,1794,992,285,32
2026,Алтайский край,6249,125,2528,2335,439,677,147
2026,Амурская область,2179,134,1057,494,189,246,60
2026,Архангельская область,1870,52,683,428,114,305,288
2026,Астраханская область,3006,141,1392,763,197,378,137
2026,Белгородская область,7149,946,2124,2343,666,837,234
2026,Брянская область,1913,172,798,494,153,245,51
2026,Владимирская область,4247,173,1684,785,505,936,165
2026,Волгоградская область,5223,332,1931,1553,424,776,207
2026,Вологодская область,2367,178,717,569,195,402,306
2026,Воронежская область,45423,4597,16407,5160,5174,12104,1987
2026,Донецкая Народная Республика,3225,67,1019,1202,322,536,79
2026,Еврейская автономная область,413,21,201,85,46,53,7
2026,Забайкальский край,1654,133,628,442,141,233,77
2026,Запорожская область,336,14,115,105,42,54,6
2026,Ивановская область,2188,105,699,777,122,352,134
2026,Иркутская область,7023,317,2298,2130,535,1122,622
2026,Кабардино-Балкарская Республика,1619,48,907,462,81,118,7
2026,Калининградская область,2915,232,1064,713,287,480,139
2026,Калужская область,2798,193,1046,713,296,467,83
2026,Камчатский край,648,54,289,93,69,127,16
2026,Карачаево-Черкесская Республика,1067,106,605,227,53,63,13
2026,Кемеровская область - Кузбасс,7440,241,2703,2498,583,1117,299
2026,Кировская область,2519,141,1080,579,205,359,155
2026,Костромская область,1140,48,428,211,106,247,100
2026,Краснодарский край,18285,665,7185,4815,1701,3023,904
2026,Красноярский край,7734,294,2642,2026,910,1365,500
2026,Курганская область,1842,66,690,550,125,273,139
2026,Курская область,2596,89,999,595,239,495,181
2026,Ленинградская область,3313,193,1362,601,324,636,197
2026,Липецкая область,4163,927,1725,531,349,517,114
2026,Луганская Народная Республика,2155,88,829,671,228,302,37
2026,Магаданская область,287,10,86,57,51,69,14
2026,Москва,28701,1418,9006,10536,3116,3944,683
2026,Московская область,17449,812,7414,2864,1627,3898,836
2026,Мурманская область,1699,114,539,297,259,423,67
2026,Ненецкий автономный округ,143,6,48,46,7,33,3
2026,Нижегородская область,5661,360,2113,1219,575,1103,291
2026,Новгородская область,1448,158,585,248,179,243,36
2026,Новосибирская область,21305,844,7871,4269,1788,4776,1760
2026,Омская область,3537,329,1074,977,341,646,170
2026,Оренбургская область,6307,227,2147,1383,721,1456,373
2026,Орловская область,1525,43,405,575,185,285,32
2026,Пензенская область,2250,306,1003,445,171,282,43
2026,Пермский край,7807,272,2769,1802,773,1584,610
2026,Приморский край,4872,221,2109,1191,363,795,195
2026,Псковская область,1793,83,883,437,136,222,35
2026,Республика Адыгея,1236,124,518,215,137,220,23
2026,Республика Алтай,963,56,476,181,77,132,44
2026,Республика Башкортостан,12722,221,4720,2919,1276,2780,811
2026,Республика Бурятия,4583,151,2244,1099,378,529,183
2026,Республика Дагестан,12605,499,6540,2909,802,1334,521
2026,Республика Ингушетия,443,14,209,138,39,31,12
2026,Республика Калмыкия,1049,36,577,204,76,116,41
2026,Республика Карелия,3042,93,1120,538,302,829,165
2026,Республика Коми,1575,90,614,335,132,312,92
2026,Республика Крым,5184,436,1708,1265,500,980,295
2026,Республика Марий Эл,2590,162,995,748,210,419,57
2026,Республика Мордовия,1097,33,478,324,81,134,47
2026,Республика Саха (Якутия),2139,39,943,548,200,306,103
2026,Республика Северная Осетия - Алания,830,21,369,283,61,75,21
2026,Республика Татарстан (Татарстан),13451,827,4498,3193,1374,2726,837
2026,Республика Тыва,3244,66,1063,1323,336,378,78
2026,Республика Хакасия,1454,49,686,342,111,197,69
2026,Ростовская область,8367,649,3080,1831,899,1521,389
2026,Рязанская область,3665,297,1396,978,336,536,122
2026,Самарская область,6384,336,2723,1535,543,1025,226
2026,Санкт-Петербург,15249,491,4168,4637,2298,3080,577
2026,Саратовская область,4770,327,1636,1046,512,1025,225
2026,Сахалинская область,1150,44,416,285,138,213,54
2026,Свердловская область,11995,689,4491,2642,1205,2333,639
2026,Севастополь,1662,104,328,703,141,295,91
2026,Смоленская область,2211,88,1152,583,135,207,46
2026,Ставропольский край,11697,156,4877,3419,776,1787,688
2026,Тамбовская область,2237,47,1205,439,153,309,85
2026,Тверская область,8647,1901,3405,1439,712,924,267
2026,Томская область,2376,46,763,844,196,381,146
2026,Тульская область,5632,292,2676,1361,472,646,185
2026,Тюменская область,5719,170,1241,2474,455,720,661
2026,Удмуртская Республика,2336,176,1044,490,184,280,162
2026,Ульяновская область,10813,900,5351,1797,754,1660,351
2026,Хабаровский край,6043,518,2305,1041,598,1218,364
2026,Ханты-Мансийский автономный округ - Югра,8756,331,2615,1084,1040,3027,662
2026,Херсонская область,760,19,303,211,101,106,20
2026,Челябинская область,10034,366,4194,2478,920,1721,357
2026,Чеченская Республика,1533,2,89,534,466,358,84
2026,Чувашская Республика - Чувашия,4730,412,2027,942,209,428,714
2026,Чукотский автономный округ,201,13,69,40,29,42,8
2026,Ямало-Ненецкий автономный округ,3118,272,878,311,473,1053,131
2026,Ярославская область,2841,85,1018,841,267,413,217
2025,"",11006,117,1284,3972,4036,1395,190
2025,Алтайский край,12981,596,5572,3070,1123,2103,519
2025,Амурская область,10084,735,4023,2650,818,1425,434
2025,Архангельская область,5948,372,2266,1101,500,1109,601
2025,Астраханская область,7523,369,3819,1730,472,870,265
2025,Белгородская область,34407,8201,14028,5889,1850,3268,1173
2025,Брянская область,6819,416,3208,1670,478,849,199
2025,Владимирская область,7881,534,4066,1294,587,1163,237
2025,Волгоградская область,22958,1704,11856,4248,1493,2817,842
2025,Вологодская область,11316,889,4207,2222,995,2251,754
2025,Воронежская область,14280,835,6447,2770,1308,2305,617
2025,Донецкая Народная Республика,7491,159,2720,2565,734,1107,208
2025,Еврейская автономная область,1117,88,440,259,107,181,42
2025,Забайкальский край,10298,577,2704,1878,1630,2522,989
2025,Запорожская область,1792,43,706,544,198,271,30
2025,Ивановская область,7436,342,3295,2091,504,893,312
2025,Иркутская область,19782,1166,8000,3679,1838,3506,1594
2025,Кабардино-Балкарская Республика,5910,265,3788,1263,263,290,41
2025,Калининградская область,9770,1259,3878,1824,771,1424,614
2025,Калужская область,6213,338,2541,1357,611,1144,223
2025,Камчатский край,2049,123,892,340,202,359,133
2025,Карачаево-Черкесская Республика,2622,84,1573,568,134,226,37
2025,Кемеровская область - Кузбасс,20772,1186,10632,4459,1367,2539,590
2025,Кировская область,7918,526,3862,1432,547,1234,317
2025,Костромская область,3216,110,1611,685,225,459,126
2025,Краснодарский край,49903,2558,21192,10488,4754,8486,2431
2025,Красноярский край,25872,1037,9310,5098,3076,5284,2076
2025,Курганская область,6300,525,3182,1258,404,713,218
2025,Курская область,8065,324,3442,2269,628,1178,226
2025,Ленинградская область,10941,897,4965,1580,1014,1945,541
2025,Липецкая область,9637,1097,4328,1507,725,1510,471
2025,Луганская Народная Республика,7200,230,2769,2671,571,805,154
2025,Магаданская область,1191,52,479,209,150,261,41
2025,Москва,435247,14436,185483,121159,47633,55412,11211
2025,Московская область,23221,1229,10985,3475,1974,4442,1118
2025,Мурманская область,5572,519,1858,795,661,1442,297
2025,Ненецкий автономный округ,345,51,95,48,47,89,15
2025,Нижегородская область,29266,3597,12798,4603,2522,4955,792
2025,Новгородская область,4550,379,2127,866,356,682,140
2025,Новосибирская область,24052,1235,9892,7093,1861,3131,840
2025,Омская область,12001,447,3075,3345,1181,3100,853
2025,Оренбургская область,14218,1289,6436,2408,1118,2178,791
2025,Орловская область,6396,259,3089,1776,422,746,105
2025,Пензенская область,11902,1068,5622,2613,814,1503,284
2025,Пермский край,21104,1130,7741,4752,2103,4102,1278
2025,Приморский край,13294,715,5552,3808,1031,1631,560
2025,Псковская область,3832,203,1606,1031,327,557,109
2025,Республика Адыгея,3203,445,1177,552,259,528,245
2025,Республика Алтай,2821,145,1324,356,221,412,363
2025,Республика Башкортостан,31112,1052,13632,6979,2633,5289,1536
2025,Республика Бурятия,11515,927,6464,1992,708,1102,322
2025,Республика Дагестан,16779,1168,10217,3014,971,1234,176
2025,Республика Ингушетия,4947,243,3106,846,288,369,95
2025,Республика Калмыкия,3458,128,1930,693,201,317,190
2025,Республика Карелия,4399,234,1895,843,411,803,213
2025,Республика Коми,5269,571,2323,797,474,928,176
2025,Республика Крым,20509,1108,6857,6149,1769,3583,1044
2025,Республика Марий Эл,7126,545,2902,1946,537,889,307
2025,Республика Мордовия,8661,306,3553,3347,463,791,201
2025,Республика Саха (Якутия),8701,233,3447,1855,1104,1633,430
2025,Республика Северная Осетия - Алания,3209,90,1802,722,195,308,92
2025,Республика Татарстан (Татарстан),65607,7224,30330,12331,4333,7919,3474
2025,Республика Тыва,5747,271,2554,1269,718,790,145
2025,Республика Хакасия,2465,113,963,529,245,475,140
2025,Ростовская область,33589,2546,13604,6626,3395,6151,1269
2025,Рязанская область,9621,1070,4657,1899,693,1028,276
2025,Самарская область,25609,1926,11424,6354,1734,3198,978
2025,Санкт-Петербург,50738,1683,15096,14596,7424,10120,1825
2025,Саратовская область,18350,2142,6842,3030,1729,3336,1278
2025,Сахалинская область,3823,272,1428,670,443,798,212
2025,Свердловская область,42451,2889,18325,8235,4017,7285,1702
2025,Севастополь,6712,673,1942,1951,625,1210,311
2025,Смоленская область,6030,292,2802,1086,523,1057,270
2025,Ставропольский край,22584,493,9550,6153,1745,3600,1046
2025,Тамбовская область,4873,208,2528,996,395,599,148
2025,Тверская область,58920,1597,30576,13755,9654,2850,496
2025,Томская область,7447,304,3078,1598,701,1317,449
2025,Тульская область,16804,1168,8057,4160,1447,1581,393
2025,Тюменская область,14234,743,5015,2849,1230,2335,2062
2025,Удмуртская Республика,9332,579,3814,1790,765,1745,639
2025,Ульяновская область,21676,2579,10431,2900,1466,3196,1106
2025,Хабаровский край,13045,725,5996,2756,1118,1933,519
2025,Ханты-Мансийский автономный округ - Югра,24072,2133,10533,3585,2104,4449,1271
2025,Херсонская область,928,7,275,235,153,217,41
2025,Челябинская область,25909,1063,10410,5184,2780,5368,1105
2025,Чеченская Республика,8827,69,1725,2531,2272,1931,299
2025,Чувашская Республика - Чувашия,10025,626,4775,1409,479,922,1814
2025,Чукотский автономный округ,829,44,310,114,124,209,28
2025,Ямало-Ненецкий автономный округ,13069,1146,2812,1057,2116,5146,792
2025,Ярославская область,10750,457,4742,2530,909,1702,410
2024,"",8530,83,1253,3084,2912,1008,186
2024,Алтайский край,15275,638,6977,3439,1325,2232,665
2024,Амурская область,11542,836,6440,2196,663,1116,293
2024,Архангельская область,7046,419,3145,1366,676,1215,226
2024,Астраханская область,9229,475,4537,1746,686,1453,334
2024,Белгородская область,34205,3488,13225,9314,2398,4406,1374
2024,Брянская область,8089,390,3948,1572,670,1163,346
2024,Владимирская область,8865,527,4920,1537,625,1096,165
2024,Волгоградская область,19967,1878,9213,3681,1460,2988,749
2024,Вологодская область,11300,585,4116,2344,1267,2509,479
2024,Воронежская область,14917,838,7877,2779,1144,1893,387
2024,Донецкая Народная Республика,8833,193,2619,2886,1143,1645,347
2024,Еврейская автономная область,882,117,328,140,101,158,38
2024,Забайкальский край,27355,2598,10090,2869,4049,6421,1330
2024,Запорожская область,1853,38,620,524,251,371,49
2024,Ивановская область,10864,373,5122,3472,541,1031,326
2024,Иркутская область,19692,918,8635,3665,2080,3363,1033
2024,Кабардино-Балкарская Республика,9086,531,5831,1835,387,443,61
2024,Калининградская область,10692,1249,4857,1573,953,1566,494
2024,Калужская область,7226,261,3805,1228,567,1118,247
2024,Камчатский край,2847,261,1271,434,290,518,73
2024,Карачаево-Черкесская Республика,3701,51,2146,719,265,470,50
2024,Кемеровская область - Кузбасс,19999,1204,10031,3767,1451,2957,591
2024,Кировская область,10345,787,5092,2101,701,1386,280
2024,Костромская область,3789,169,1884,833,225,556,123
2024,Краснодарский край,55828,2146,25801,12339,5019,8558,1968
2024,Красноярский край,28704,1548,10686,6036,2968,5730,1739
2024,Курганская область,7626,708,3672,1517,472,963,294
2024,Курская область,12444,392,5581,3477,939,1648,409
2024,Ленинградская область,12684,828,6097,2038,1204,2006,511
2024,Липецкая область,11305,1065,6260,1861,631,1274,214
2024,Луганская Народная Республика,7664,276,3704,1896,703,918,167
2024,Магаданская область,1086,57,475,220,135,172,27
2024,Москва,388606,12685,172899,103923,36063,53187,9891
2024,Московская область,28050,1522,13746,4364,2543,4838,1037
2024,Мурманская область,6040,475,1938,1080,817,1467,263
2024,Ненецкий автономный округ,411,33,149,76,34,97,23
2024,Нижегородская область,30284,2287,13145,5842,2876,5235,899
2024,Новгородская область,6754,376,2943,1523,547,1145,221
2024,Новосибирская область,24114,1070,9766,5992,2269,4157,861
2024,Омская область,9043,405,2962,2416,1125,1809,327
2024,Оренбургская область,16481,1263,7212,3420,1522,2506,560
2024,Орловская область,5403,134,2113,1715,432,880,129
2024,Пензенская область,12476,904,5695,2916,914,1668,379
2024,Пермский край,23468,1073,8264,4278,2554,5905,1397
2024,Приморский край,17854,899,6934,3799,1686,3369,1170
2024,Псковская область,4294,167,2177,1075,285,491,99
2024,Республика Адыгея,3808,472,1626,586,315,523,286
2024,Республика Алтай,2509,165,1345,399,171,318,112
2024,Республика Башкортостан,56322,2089,23053,10655,5260,12574,2698
2024,Республика Бурятия,11545,482,6602,2175,733,1174,381
2024,Республика Дагестан,12515,229,6197,4142,709,1017,221
2024,Республика Ингушетия,2609,41,1399,801,204,151,14
2024,Республика Калмыкия,2570,70,1694,407,137,188,74
2024,Республика Карелия,4419,229,1692,800,460,1008,231
2024,Республика Коми,7543,700,3200,1334,700,1361,248
2024,Республика Крым,16462,1399,7869,2853,1421,2438,482
2024,Республика Марий Эл,6054,506,3187,1218,337,658,148
2024,Республика Мордовия,8828,293,5314,1847,467,755,152
2024,Республика Саха (Якутия),11655,278,4992,3380,1309,1372,324
2024,Республика Северная Осетия - Алания,4385,186,2213,1130,274,431,152
2024,Республика Татарстан (Татарстан),76701,8176,37907,12614,4914,10569,2536
2024,Республика Тыва,5308,109,2044,1524,779,687,165
2024,Республика Хакасия,3462,173,1447,731,380,584,147
2024,Ростовская область,90228,6002,42110,18198,6636,14090,3201
2024,Рязанская область,13933,2079,6013,2972,892,1592,385
2024,Самарская область,41328,3312,23301,6109,2166,3907,2538
2024,Санкт-Петербург,53737,1732,16125,16972,7341,9855,1716
2024,Саратовская область,27770,2329,10782,6573,2453,4487,1151
2024,Сахалинская область,3920,256,1688,621,468,713,174
2024,Свердловская область,47690,2734,20314,10120,4421,8259,1844
2024,Севастополь,6043,263,1598,2225,527,1022,408
2024,Смоленская область,5731,342,2941,1236,384,683,146
2024,Ставропольский край,22911,705,10264,5196,1920,4018,809
2024,Тамбовская область,10530,638,5340,2048,757,1393,358
2024,Тверская область,7408,360,3904,1552,556,842,194
2024,Томская область,8325,373,3445,2221,761,1166,359
2024,Тульская область,23618,2117,10789,4396,2440,3183,694
2024,Тюменская область,16927,1272,6307,3440,1684,2905,1319
2024,Удмуртская Республика,10945,840,5507,2081,725,1220,573
2024,Ульяновская область,12444,539,5691,3099,830,1668,618
2024,Хабаровский край,10813,946,3997,2064,1184,2155,467
2024,Ханты-Мансийский автономный округ - Югра,18526,1019,7779,3022,1687,3939,1083
2024,Херсонская область,1149,19,349,200,198,316,67
2024,Челябинская область,30984,1504,13760,5749,3028,5503,1445
2024,Чеченская Республика,11910,45,1898,4277,3117,2296,281
2024,Чувашская Республика - Чувашия,10426,781,4870,2064,562,1123,1028
2024,Чукотский автономный округ,588,43,257,105,76,95,12
2024,Ямало-Ненецкий автономный округ,10957,1101,3670,1143,1530,3156,358
2024,Ярославская область,11951,594,5428,3101,928,1556,344
2023,"",4561,53,1152,1876,887,502,91
2023,Алтайский край,13509,506,5227,4221,1336,1859,361
2023,Амурская область,13417,1158,6141,3294,1111,1437,276
2023,Архангельская область,9101,732,3703,1649,1089,1678,250
2023,Астраханская область,12645,780,6434,2432,1248,1539,213
2023,Белгородская область,23269,1030,10092,5881,2186,3379,705
2023,Брянская область,7819,346,3628,1716,721,1042,366
2023,Владимирская область,8406,417,4222,1850,796,962,160
2023,Волгоградская область,25845,2452,12537,5138,2037,3011,673
2023,Вологодская область,10385,558,3177,2177,1389,2180,905
2023,Воронежская область,14716,638,7256,3208,1438,1842,335
2023,Донецкая Народная Республика,6028,152,1956,2194,830,754,143
2023,Еврейская автономная область,1941,243,847,421,229,156,46
2023,Забайкальский край,8072,458,3000,1807,1140,1357,310
2023,Запорожская область,3407,154,1274,1249,407,294,29
2023,Ивановская область,6346,351,2882,1351,617,994,152
2023,Иркутская область,18530,835,7903,3696,2260,3253,583
2023,Кабардино-Балкарская Республика,9803,270,5849,2006,581,893,204
2023,Калининградская область,10838,1151,4980,1982,1056,1326,343
2023,Калужская область,5940,337,2513,1235,757,955,143
2023,Камчатский край,3608,325,1558,717,440,485,84
2023,Карачаево-Черкесская Республика,3664,130,2413,662,240,200,19
2023,Кемеровская область - Кузбасс,30911,3296,13345,5567,2709,5000,995
2023,Кировская область,10376,794,5126,2193,869,1178,217
2023,Костромская область,4021,206,1797,845,439,616,119
2023,Краснодарский край,59535,3158,27795,13466,5618,8058,1444
2023,Красноярский край,22407,868,9012,4566,2782,4294,886
2023,Курганская область,8275,627,4483,1746,462,709,249
2023,Курская область,11391,478,5340,3736,804,910,124
2023,Ленинградская область,14191,2121,5550,1967,1770,2369,415
2023,Липецкая область,14471,2092,7564,2001,1114,1568,133
2023,Луганская Народная Республика,4528,228,1942,1339,473,471,75
2023,Магаданская область,1412,122,612,288,202,158,30
2023,Москва,232974,7490,96979,64642,25322,33216,5343
2023,Московская область,27214,1162,13187,5330,2644,4253,638
2023,Мурманская область,7488,555,2779,1330,1119,1505,200
2023,Ненецкий автономный округ,680,116,184,165,155,51,9
2023,Нижегородская область,23088,1665,10038,5373,2210,3319,483
2023,Новгородская область,9000,590,3842,1723,978,1606,261
2023,Новосибирская область,19655,778,7228,5748,2100,3224,578
2023,Омская область,12293,443,3932,3357,1484,2525,553
2023,Оренбургская область,25051,2503,12553,5235,1723,2586,452
2023,Орловская область,4901,189,1466,1641,672,833,100
2023,Пензенская область,12933,1566,6145,2181,1146,1516,379
2023,Пермский край,17186,531,6357,4279,1954,3329,737
2023,Приморский край,14167,708,5443,3762,1462,2269,524
2023,Псковская область,5282,208,2258,1592,540,604,80
2023,Республика Адыгея,5120,865,2150,877,478,587,164
2023,Республика Алтай,2923,323,1304,482,362,385,67
2023,Республика Башкортостан,37946,1438,17383,8285,3664,6132,1049
2023,Республика Бурятия,11704,676,5694,2512,989,1489,344
2023,Республика Дагестан,17389,799,8410,3971,1426,2156,627
2023,Республика Ингушетия,5477,228,2994,1506,470,239,40
2023,Республика Калмыкия,3114,144,1991,577,186,178,39
2023,Республика Карелия,4575,251,1639,914,607,1010,157
2023,Республика Коми,8155,1015,3687,1295,809,1173,176
2023,Республика Крым,9951,547,4218,1820,1228,1903,235
2023,Республика Марий Эл,7061,799,3452,1457,497,692,165
2023,Республика Мордовия,5294,186,2661,1333,490,522,102
2023,Республика Саха (Якутия),7923,344,3611,1997,968,826,177
2023,Республика Северная Осетия - Алания,4329,307,1979,1146,444,400,53
2023,Республика Татарстан (Татарстан),67000,8285,30527,12011,5192,9063,1927
2023,Республика Тыва,5741,247,2208,2198,687,369,32
2023,Республика Хакасия,3912,204,1715,815,508,549,121
2023,Ростовская область,54220,2831,25491,11423,4821,8157,1499
2023,Рязанская область,14119,1387,6051,3815,1057,1529,280
2023,Самарская область,41994,2868,19851,8916,3002,4944,2416
2023,Санкт-Петербург,62643,2457,17490,20327,8982,11540,1850
2023,Саратовская область,34943,5866,15963,5832,2703,3932,655
2023,Сахалинская область,3803,299,1337,631,559,660,317
2023,Свердловская область,47871,2119,20800,10300,4990,7990,1675
2023,Севастополь,6845,708,2018,2320,667,964,168
2023,Смоленская область,6735,488,3474,1581,487,581,125
2023,Ставропольский край,19843,501,9256,4600,1961,2985,540
2023,Тамбовская область,7829,480,3927,1683,661,877,201
2023,Тверская область,7349,385,3369,1510,870,1065,150
2023,Томская область,9415,216,3565,2860,948,1456,370
2023,Тульская область,21247,1511,9312,5415,1820,2545,645
2023,Тюменская область,15992,1224,6248,3647,1696,2028,1149
2023,Удмуртская Республика,13715,993,7020,2794,1053,1425,430
2023,Ульяновская область,11058,453,4876,2494,1003,1603,630
2023,Хабаровский край,10535,682,4373,2253,1210,1691,327
2023,Ханты-Мансийский автономный округ - Югра,19780,904,7007,3637,2525,4900,807
2023,Херсонская область,696,70,208,235,124,54,5
2023,Челябинская область,29458,1415,11951,5834,3541,5580,1137
2023,Чеченская Республика,9571,1174,4170,2258,1112,720,138
2023,Чувашская Республика - Чувашия,36960,5481,18234,5038,2576,4172,1467
2023,Чукотский автономный округ,645,93,191,186,114,53,8
2023,Ямало-Ненецкий автономный округ,10317,1214,3337,1231,1461,2744,331
2023,Ярославская область,13827,583,6697,3099,1288,1811,349
2022,"",6810,72,2787,1446,1058,1260,187
2022,Алтайский край,10718,340,4317,2988,1176,1460,437
2022,Амурская область,12834,1386,6337,2656,925,1306,226
2022,Архангельская область,6604,284,2693,1250,913,1172,292
2022,Астраханская область,12517,1345,4768,2499,1534,1919,453
2022,Белгородская область,26071,1020,9832,8449,2811,3290,670
2022,Брянская область,7382,249,3166,1484,1070,1220,193
2022,Владимирская область,8139,264,3203,1903,984,1507,278
2022,Волгоградская область,28886,2167,11736,6623,2804,4472,1084
2022,Вологодская область,11057,236,2538,1435,2388,3662,798
2022,Воронежская область,20445,555,9014,3883,2659,3810,526
2022,Донецкая Народная Республика,4081,13,208,2488,1127,207,38
2022,Еврейская автономная область,2907,226,1105,543,309,608,116
2022,Забайкальский край,4056,136,1383,1251,534,636,116
2022,Запорожская область,391,0,48,199,87,57,0
2022,Ивановская область,6381,228,3667,1300,386,645,155
2022,Иркутская область,14580,630,6705,2643,1827,2475,301
2022,Кабардино-Балкарская Республика,10059,201,5852,2001,788,1010,207
2022,Калининградская область,12125,859,5012,1970,1654,2159,473
2022,Калужская область,6612,457,2590,1760,683,976,147
2022,Камчатский край,2675,114,1375,477,279,330,100
2022,Карачаево-Черкесская Республика,2793,20,1607,687,184,229,66
2022,Кемеровская область - Кузбасс,21800,485,10526,4978,2270,2987,555
2022,Кировская область,11169,932,5524,1778,1147,1555,233
2022,Костромская область,4838,120,1971,750,575,1192,230
2022,Краснодарский край,57290,2020,30048,11539,5548,7050,1089
2022,Красноярский край,15890,666,6049,3431,2121,2977,646
2022,Курганская область,9614,1023,5094,1953,471,830,243
2022,Курская область,9677,276,4528,3180,599,754,340
2022,Ленинградская область,9772,700,3973,1685,1253,1828,333
2022,Липецкая область,17518,1467,8302,2946,1850,2604,349
2022,Луганская Народная Республика,2402,34,492,865,546,375,90
2022,Магаданская область,1632,55,530,325,289,376,57
2022,Москва,69014,686,16378,23248,12875,14107,1720
2022,Московская область,52905,755,21775,18242,4322,6785,1026
2022,Мурманская область,10304,363,3136,1474,1960,2993,378
2022,Ненецкий автономный округ,541,42,245,112,57,78,7
2022,Нижегородская область,52351,1401,8757,13490,14726,12725,1253
2022,Новгородская область,10446,560,4034,2460,1274,1743,376
2022,Новосибирская область,12575,549,4399,3145,1817,2187,478
2022,Омская область,10505,198,3063,3230,1520,2159,335
2022,Оренбургская область,22488,1204,12424,4441,1843,2240,336
2022,Орловская область,6243,162,2628,1812,546,946,149
2022,Пензенская область,10219,711,4562,2007,1298,1416,225
2022,Пермский край,13910,245,3709,3522,2330,3520,584
2022,Приморский край,13616,560,5091,3295,1470,2449,751
2022,Псковская область,4874,132,2000,1640,474,567,61
2022,Республика Адыгея,11395,3232,5476,1076,590,872,150
2022,Республика Алтай,3724,120,1269,729,608,746,252
2022,Республика Башкортостан,39555,832,18439,9227,3821,6181,1058
2022,Республика Бурятия,12255,505,5930,2461,1203,1778,379
2022,Республика Дагестан,49305,11820,23383,5573,3173,4676,683
2022,Республика Ингушетия,3171,8,900,1147,523,494,99
2022,Республика Калмыкия,2195,52,1060,584,192,249,58
2022,Республика Карелия,3580,68,1200,1095,411,663,145
2022,Республика Коми,7313,763,3429,1071,681,1057,312
2022,Республика Крым,9437,422,3766,2409,1116,1521,203
2022,Республика Марий Эл,7676,416,3718,1773,571,896,302
2022,Республика Мордовия,8394,188,4488,2144,526,887,161
2022,Республика Саха (Якутия),6123,203,2196,1686,713,795,530
2022,Республика Северная Осетия - Алания,11658,209,3400,3123,1500,2750,676
2022,Республика Татарстан (Татарстан),19769,397,6729,6079,2658,3364,543
2022,Республика Тыва,4045,72,1548,1394,584,401,46
2022,Республика Хакасия,6304,176,3669,1070,630,553,206
2022,Ростовская область,56075,1749,26043,13927,5237,7782,1337
2022,Рязанская область,15794,1369,6320,3268,1986,2476,377
2022,Самарская область,59219,5281,28048,11756,4501,7122,2512
2022,Санкт-Петербург,37523,1021,9932,13285,5995,6302,988
2022,Саратовская область,34854,4772,16964,5131,2973,4264,752
2022,Сахалинская область,5456,615,1821,818,758,1012,432
2022,Свердловская область,33044,1443,13387,7475,4074,5790,876
2022,Севастополь,5764,200,1722,2439,554,712,137
2022,Смоленская область,6020,319,3162,1344,442,620,134
2022,Ставропольский край,17226,364,7069,3272,2181,3313,1027
2022,Тамбовская область,8552,438,4043,2921,500,564,86
2022,Тверская область,7260,132,2726,1793,1088,1332,189
2022,Томская область,8983,119,3152,2337,1335,1861,179
2022,Тульская область,34751,1924,15035,7567,3787,5611,829
2022,Тюменская область,18268,1240,7158,4198,2045,2738,890
2022,Удмуртская Республика,13514,725,5588,2047,1819,2859,476
2022,Ульяновская область,13659,342,7030,2982,1046,1371,888
2022,Хабаровский край,7489,391,2746,1607,1201,1342,202
2022,Ханты-Мансийский автономный округ - Югра,18409,700,6743,3709,2763,3709,785
2022,Херсонская область,160,8,101,25,9,13,4
2022,Челябинская область,30666,1256,11149,6806,4365,6032,1059
2022,Чеченская Республика,7664,21,581,3006,2182,1657,219
2022,Чувашская Республика - Чувашия,21154,1167,11402,5530,1032,1513,513
2022,Чукотский автономный округ,497,34,210,138,46,61,8
2022,Ямало-Ненецкий автономный округ,9981,1042,3457,959,1582,2528,414
2022,Ярославская область,10730,117,5118,2674,1132,1363,326
2021,"",272,19,136,75,23,14,5
2021,Алтайский край,8839,206,2921,2840,1091,1531,250
2021,Амурская область,4312,162,1764,1009,517,701,159
2021,Архангельская область,4480,177,1637,1326,587,659,94
2021,Астраханская область,6561,189,2107,1582,952,1433,298
2021,Белгородская область,7734,267,2800,2073,1095,1247,252
2021,Брянская область,4416,312,2240,1017,348,441,58
2021,Владимирская область,3785,62,1612,1155,464,419,73
2021,Волгоградская область,15677,1907,6729,3757,1239,1613,431
2021,Вологодская область,7459,107,1116,1829,1839,2291,277
2021,Воронежская область,12323,177,5475,2985,1345,2022,319
2021,Донецкая Народная Республика,16,0,2,6,5,3,0
2021,Еврейская автономная область,1125,124,468,337,77,85,34
2021,Забайкальский край,3268,85,1066,1013,444,592,68
2021,Запорожская область,4,0,0,3,0,1,0
2021,Ивановская область,4554,284,1848,1213,430,659,120
2021,Иркутская область,8729,305,3555,2394,1124,1186,165
2021,Кабардино-Балкарская Республика,5204,105,3293,1413,206,156,31
2021,Калининградская область,5959,334,2825,1069,716,779,236
2021,Калужская область,5666,563,2919,1082,463,529,110
2021,Камчатский край,1708,102,671,431,212,244,48
2021,Карачаево-Черкесская Республика,2282,24,1444,554,138,93,29
2021,Кемеровская область - Кузбасс,23136,438,7384,5600,3096,4379,2240
2021,Кировская область,7643,510,3589,1346,719,1188,292
2021,Костромская область,3205,90,1443,659,369,547,97
2021,Краснодарский край,35412,1570,16026,10613,3458,3178,567
2021,Красноярский край,8126,204,3013,2254,1092,1236,327
2021,Курганская область,5811,257,3006,1672,326,446,104
2021,Курская область,9502,195,3410,3902,767,1060,169
2021,Ленинградская область,4070,147,1713,737,638,676,159
2021,Липецкая область,12288,1404,6060,2168,1062,1356,238
2021,Луганская Народная Республика,9,1,3,4,1,0,0
2021,Магаданская область,1094,59,410,214,154,221,36
2021,Москва,58451,504,9758,17035,13164,13402,4583
2021,Московская область,27858,636,11138,7660,3298,4387,739
2021,Мурманская область,4569,141,1472,824,1003,985,144
2021,Ненецкий автономный округ,356,33,81,73,79,70,20
2021,Нижегородская область,16501,1317,7017,4190,1806,1922,249
2021,Новгородская область,12523,1014,5759,2151,1434,1820,345
2021,Новосибирская область,9069,260,2607,2655,1342,1681,524
2021,Омская область,4821,93,1305,2048,588,705,82
2021,Оренбургская область,14187,974,8049,3038,829,1143,155
2021,Орловская область,3416,29,952,1364,394,536,141
2021,Пензенская область,7421,943,3112,1257,832,1003,275
2021,Пермский край,7593,193,1939,2088,1259,1849,266
2021,Приморский край,8872,432,3161,2568,1121,1301,290
2021,Псковская область,3724,76,1220,1647,382,347,52
2021,Республика Адыгея,65801,31113,21120,4620,3291,4863,797
2021,Республика Алтай,1812,108,865,344,213,253,29
2021,Республика Башкортостан,19014,493,7740,5025,2540,2801,414
2021,Республика Бурятия,11040,1818,5808,1856,620,811,128
2021,Республика Дагестан,9689,338,5597,2808,536,347,66
2021,Республика Ингушетия,1438,11,335,902,139,45,7
2021,Республика Калмыкия,1767,19,648,490,302,256,52
2021,Республика Карелия,2139,73,538,683,319,443,83
2021,Республика Коми,6759,597,2165,936,1024,1803,234
2021,Республика Крым,7726,207,3010,2471,949,944,146
2021,Республика Марий Эл,8187,530,4849,1290,546,818,154
2021,Республика Мордовия,5726,159,2488,1984,411,556,128
2021,Республика Саха (Якутия),5275,178,1315,2459,697,447,179
2021,Республика Северная Осетия - Алания,2314,30,995,918,138,200,33
2021,Республика Татарстан (Татарстан),12991,212,4544,4591,1584,1817,243
2021,Республика Тыва,2783,14,773,1270,433,273,21
2021,Республика Хакасия,1689,31,732,368,211,254,93
2021,Ростовская область,26430,841,12380,8334,2233,2291,353
2021,Рязанская область,12543,1399,5596,2853,920,1371,404
2021,Самарская область,25721,1196,9962,6593,2346,3481,2143
2021,Санкт-Петербург,25018,480,5689,9061,5043,4179,566
2021,Саратовская область,38652,10173,16526,4378,2905,4015,668
2021,Сахалинская область,24798,1569,6235,3332,4231,6940,2492
2021,Свердловская область,24343,595,8859,9316,2237,2827,510
2021,Севастополь,3132,76,1025,1169,359,411,92
2021,Смоленская область,5823,270,3218,1222,455,570,88
2021,Ставропольский край,10707,221,5155,2673,1131,1286,241
2021,Тамбовская область,7156,69,3176,2152,706,904,149
2021,Тверская область,5026,163,2264,1401,493,595,110
2021,Томская область,5105,57,2127,1840,465,497,120
2021,Тульская область,15480,650,8371,3384,1260,1496,322
2021,Тюменская область,15034,700,5568,4651,1479,1986,651
2021,Удмуртская Республика,6886,290,3490,1652,549,731,174
2021,Ульяновская область,5559,107,2519,1707,465,493,268
2021,Хабаровский край,5858,140,1353,1241,1646,1350,128
2021,Ханты-Мансийский автономный округ - Югра,15224,480,4364,2567,2644,4477,694
2021,Херсонская область,5,0,2,2,0,1,0
2021,Челябинская область,13907,575,6057,3837,1487,1645,306
2021,Чеченская Республика,2026,43,436,1261,174,99,13
2021,Чувашская Республика - Чувашия,9737,674,4810,2549,607,675,422
2021,Чукотский автономный округ,456,49,201,89,39,66,12
2021,Ямало-Ненецкий автономный округ,5625,779,1911,771,944,1102,120
2021,Ярославская область,7909,82,3908,2381,685,750,103
2020,"",15492,146,859,1863,2179,2974,478
2020,Алтайский край,15381,279,3395,5549,1497,2144,503
2020,Амурская область,4487,126,926,1139,677,644,175
2020,Архангельская область,5875,61,724,1296,1217,1428,285
2020,Астраханская область,6418,218,1544,1452,1007,942,175
2020,Белгородская область,9590,203,2263,2064,1095,1104,876
2020,Брянская область,6796,141,1713,1756,845,1010,186
2020,Владимирская область,6467,74,951,1890,1151,1301,234
2020,Волгоградская область,17475,1095,3375,4208,2376,3058,681
2020,Вологодская область,6814,64,488,1449,1799,1879,327
2020,Воронежская область,13245,202,3175,3252,1636,2548,540
2020,Донецкая Народная Республика,14,0,0,5,4,5,0
2020,Еврейская автономная область,1682,86,213,293,214,345,75
2020,Забайкальский край,7775,161,693,2365,1224,1137,185
2020,Запорожская область,2,0,0,1,0,1,0
2020,Ивановская область,6765,100,1656,1775,650,997,168
2020,Иркутская область,10721,148,1623,2834,1859,1811,346
2020,Кабардино-Балкарская Республика,6348,318,1844,1694,645,799,283
2020,Калининградская область,7354,220,1741,1429,1428,1487,299
2020,Калужская область,9150,913,2112,1490,1173,1433,349
2020,Камчатский край,2488,31,348,543,634,482,72
2020,Карачаево-Черкесская Республика,2868,18,546,865,384,345,86
2020,Кемеровская область - Кузбасс,16455,590,3168,4302,2430,2715,625
2020,Кировская область,6190,377,1614,1388,787,987,149
2020,Костромская область,3985,77,828,851,625,897,273
2020,Краснодарский край,37596,588,8058,10186,6112,5296,759
2020,Красноярский край,13156,128,1455,3992,2565,2555,413
2020,Курганская область,6548,240,1694,1526,666,1047,190
2020,Курская область,9354,121,2273,2852,1007,1037,164
2020,Ленинградская область,5820,90,854,1143,1231,1117,210
2020,Липецкая область,13150,754,2862,2440,1545,1722,245
2020,Луганская Народная Республика,13,0,2,5,2,4,0
2020,Магаданская область,1947,55,329,439,353,331,66
2020,Москва,74876,365,6109,16469,21985,20399,2706
2020,Московская область,27061,168,3087,5898,6097,6712,791
2020,Мурманская область,3170,73,650,478,583,653,87
2020,Ненецкий автономный округ,547,3,42,165,116,119,11
2020,Нижегородская область,17961,885,4025,4347,2975,3138,344
2020,Новгородская область,4637,125,745,965,573,873,209
2020,Новосибирская область,10174,97,1089,3224,2028,2017,286
2020,Омская область,9578,146,1628,3411,1438,1557,242
2020,Оренбургская область,18105,638,5114,3878,1503,1814,350
2020,Орловская область,6390,62,949,2147,905,1421,262
2020,Пензенская область,8689,323,1119,1756,985,925,230
2020,Пермский край,11110,60,867,3006,2344,2555,347
2020,Приморский край,8420,122,1124,1890,1836,1816,343
2020,Псковская область,4211,35,697,1444,678,549,108
2020,Республика Адыгея,8742,884,1159,1168,1022,1595,351
2020,Республика Алтай,2907,20,581,685,489,461,86
2020,Республика Башкортостан,21260,209,3301,4356,3578,4503,790
2020,Республика Бурятия,9684,520,1695,2596,1664,1659,272
2020,Республика Дагестан,16720,214,2685,6539,1332,1002,330
2020,Республика Ингушетия,1190,5,110,694,137,18,8
2020,Республика Калмыкия,2528,4,298,592,522,500,87
2020,Республика Карелия,3556,59,502,1157,522,653,110
2020,Республика Коми,5178,439,1258,939,673,859,150
2020,Республика Крым,10480,39,896,1627,1998,2192,289
2020,Республика Марий Эл,4794,50,1132,1308,573,810,147
2020,Республика Мордовия,9946,139,1411,3929,972,1255,261
2020,Республика Саха (Якутия),6842,34,442,1816,1526,950,125
2020,Республика Северная Осетия - Алания,3571,43,635,1419,368,322,56
2020,Республика Татарстан (Татарстан),16057,386,3491,4763,2586,2345,280
2020,Республика Тыва,7321,18,168,1862,1889,1333,135
2020,Республика Хакасия,2660,14,290,795,544,442,69
2020,Ростовская область,27442,819,5525,6792,3672,4260,606
2020,Рязанская область,9632,717,2812,2405,992,1098,248
2020,Самарская область,23407,844,4165,5888,3815,4128,1127
2020,Санкт-Петербург,35513,315,3388,7602,9949,9831,1010
2020,Саратовская область,16033,612,3929,4758,1846,2468,572
2020,Сахалинская область,4437,186,677,1637,708,478,231
2020,Свердловская область,23866,521,3741,5850,4164,4698,761
2020,Севастополь,4575,320,656,994,819,888,99
2020,Смоленская область,6708,184,1750,1432,899,1170,222
2020,Ставропольский край,20181,556,2915,8039,1380,1430,268
2020,Тамбовская область,10256,227,1897,2753,1166,1575,225
2020,Тверская область,8062,127,1741,2231,1121,1188,210
2020,Томская область,6290,148,1317,1851,742,717,127
2020,Тульская область,9416,182,2623,2106,1373,1326,126
2020,Тюменская область,14053,501,2713,2728,2135,2224,416
2020,Удмуртская Республика,7298,143,1633,1676,1186,1252,251
2020,Ульяновская область,8417,130,1176,1767,1229,1442,324
2020,Хабаровский край,5306,85,488,1381,1092,1089,276
2020,Ханты-Мансийский автономный округ - Югра,15446,382,2619,2685,3274,3835,596
2020,Херсонская область,10,0,1,3,2,4,0
2020,Челябинская область,9444,187,2232,2316,1434,1407,644
2020,Чеченская Республика,5093,5,267,2552,808,449,86
2020,Чувашская Республика - Чувашия,9262,325,2601,2529,973,1133,191
2020,Чукотский автономный округ,752,56,70,87,170,249,50
2020,Ямало-Ненецкий автономный округ,6063,196,791,862,1295,1777,158
2020,Ярославская область,8590,54,2488,2518,966,946,143
2019,"",33903,164,1721,1986,690,885,238
2019,Алтайский край,6567,219,1767,1121,199,254,74
2019,Амурская область,2753,87,521,301,123,89,20
2019,Архангельская область,2696,88,664,512,150,140,22
2019,Астраханская область,7055,66,524,1669,206,126,21
2019,Белгородская область,13258,203,1265,1007,437,252,305
2019,Брянская область,3761,75,824,304,94,113,45
2019,Владимирская область,3032,72,491,525,180,110,32
2019,Волгоградская область,15005,877,2946,2046,528,661,242
2019,Вологодская область,4285,89,427,273,230,220,80
2019,Воронежская область,7377,123,2674,1404,258,262,118
2019,Донецкая Народная Республика,8,0,2,0,5,1,0
2019,Еврейская автономная область,1136,102,173,86,56,84,41
2019,Забайкальский край,2064,17,156,413,165,145,34
2019,Запорожская область,1,0,0,1,0,0,0
2019,Ивановская область,2974,47,607,536,95,88,46
2019,Иркутская область,4674,74,870,544,224,222,33
2019,Кабардино-Балкарская Республика,1433,40,217,192,34,35,15
2019,Калининградская область,4975,172,1693,637,209,147,106
2019,Калужская область,8144,464,813,397,263,248,45
2019,Камчатский край,1885,107,481,245,114,100,20
2019,Карачаево-Черкесская Республика,2359,68,326,149,31,14,15
2019,Кемеровская область - Кузбасс,8195,268,1616,1067,662,787,187
2019,Кировская область,5835,456,1793,832,188,189,80
2019,Костромская область,4207,86,718,312,141,215,62
2019,Краснодарский край,27577,600,2971,3313,831,654,264
2019,Красноярский край,4171,99,801,637,333,237,44
2019,Курганская область,5091,147,962,679,116,133,45
2019,Курская область,5228,88,1241,728,144,121,39
2019,Ленинградская область,3220,75,755,614,185,115,29
2019,Липецкая область,7537,484,1993,474,209,220,34
2019,Луганская Народная Республика,4,0,2,2,0,0,0
2019,Магаданская область,595,12,141,55,56,30,8
2019,Москва,12372,155,1805,2399,1148,661,127
2019,Московская область,13528,176,1648,1683,726,766,158
2019,Мурманская область,2075,66,526,211,133,145,26
2019,Ненецкий автономный округ,303,8,94,22,18,16,4
2019,Нижегородская область,10954,520,2287,1123,425,359,69
2019,Новгородская область,2225,30,391,262,121,167,44
2019,Новосибирская область,3835,57,670,725,241,160,75
2019,Омская область,6516,132,877,767,270,261,60
2019,Оренбургская область,17781,518,2725,997,404,459,105
2019,Орловская область,3099,103,652,553,190,216,53
2019,Пензенская область,102264,3672,4452,1690,3077,5223,1547
2019,Пермский край,1761,21,260,411,136,122,16
2019,Приморский край,3875,101,879,716,143,133,46
2019,Псковская область,3387,148,815,831,112,113,30
2019,Республика Адыгея,15736,1891,1921,606,651,931,266
2019,Республика Алтай,1027,28,244,114,45,28,4
2019,Республика Башкортостан,12632,265,2384,1356,402,313,97
2019,Республика Бурятия,2794,52,383,294,116,73,37
2019,Республика Дагестан,7982,133,1077,1248,184,82,32
2019,Республика Ингушетия,452,3,30,121,23,3,2
2019,Республика Калмыкия,1534,20,205,240,92,58,14
2019,Республика Карелия,1818,42,327,361,77,104,20
2019,Республика Коми,5497,502,1669,500,202,213,80
2019,Республика Крым,3113,71,550,681,196,142,50
2019,Республика Марий Эл,3702,70,755,443,116,140,23
2019,Республика Мордовия,8042,320,1352,688,141,181,52
2019,Республика Саха (Якутия),2926,40,399,596,263,104,29
2019,Республика Северная Осетия - Алания,1713,10,247,368,51,16,17
2019,Республика Татарстан (Татарстан),11455,323,1972,2220,363,378,92
2019,Республика Тыва,1466,27,140,104,86,39,2
2019,Республика Хакасия,838,13,132,134,47,52,18
2019,Ростовская область,51184,6342,9504,2790,1586,2780,876
2019,Рязанская область,10580,752,2061,1062,256,346,171
2019,Самарская область,16596,458,2203,1745,1047,606,641
2019,Санкт-Петербург,9130,177,1828,2872,619,356,99
2019,Саратовская область,5172,94,1096,754,168,238,143
2019,Сахалинская область,1965,83,501,201,124,111,38
2019,Свердловская область,9330,297,2133,1219,459,415,138
2019,Севастополь,2091,46,406,702,93,54,12
2019,Смоленская область,4781,191,1217,527,119,116,45
2019,Ставропольский край,33446,1360,4660,2083,902,1432,425
2019,Тамбовская область,7728,102,1553,1088,160,140,35
2019,Тверская область,4648,80,770,1265,193,190,44
2019,Томская область,4133,56,903,720,115,64,18
2019,Тульская область,9032,230,2760,966,283,254,69
2019,Тюменская область,18104,757,2309,1312,592,706,275
2019,Удмуртская Республика,7435,127,1684,975,318,232,114
2019,Ульяновская область,4909,67,768,441,162,193,325
2019,Хабаровский край,2358,61,413,550,209,144,46
2019,Ханты-Мансийский автономный округ - Югра,6980,228,1522,680,433,476,203
2019,Херсонская область,4,0,1,3,0,0,0
2019,Челябинская область,9840,229,2561,2312,427,264,255
2019,Чеченская Республика,1490,7,37,333,88,30,7
2019,Чувашская Республика - Чувашия,13014,399,2291,2004,208,144,35
2019,Чукотский автономный округ,438,8,26,27,23,24,14
2019,Ямало-Ненецкий автономный округ,7118,380,1154,576,764,749,99
2019,Ярославская область,6156,68,1099,851,162,132,44
2018,"",299414,5135,36028,44783,24680,16498,5004
2018,Алтайский край,1994,102,950,580,180,139,38
2018,Амурская область,1172,111,507,291,122,110,28
2018,Архангельская область,998,40,314,383,158,85,18
2018,Астраханская область,2597,389,475,1306,253,154,19
2018,Белгородская область,5358,198,2373,1564,746,419,48
2018,Брянская область,1612,55,881,478,87,90,18
2018,Владимирская область,2593,124,1077,705,200,189,291
2018,Волгоградская область,5133,244,2383,1557,396,468,82
2018,Вологодская область,2062,130,518,378,403,447,182
2018,Воронежская область,2925,82,1450,887,195,270,39
2018,Донецкая Народная Республика,4,0,0,2,1,1,0
2018,Еврейская автономная область,331,53,135,72,32,32,7
2018,Забайкальский край,308,8,60,104,62,57,17
2018,Запорожская область,4,0,0,4,0,0,0
2018,Ивановская область,2191,95,1012,760,146,140,28
2018,Иркутская область,1687,61,718,493,233,146,34
2018,Кабардино-Балкарская Республика,807,34,515,116,72,53,13
2018,Калининградская область,2071,100,970,502,244,202,47
2018,Калужская область,2060,152,1084,613,108,80,19
2018,Камчатский край,674,39,285,150,108,72,16
2018,Карачаево-Черкесская Республика,1194,62,646,401,49,20,12
2018,Кемеровская область - Кузбасс,2103,84,961,585,242,205,24
2018,Кировская область,3629,277,1993,859,211,184,99
2018,Костромская область,930,39,222,345,148,146,28
2018,Краснодарский край,3183,62,1285,1285,308,144,91
2018,Красноярский край,3562,141,1653,1036,455,233,42
2018,Курганская область,1851,64,769,572,187,151,107
2018,Курская область,4028,125,1611,1884,224,155,27
2018,Ленинградская область,1376,41,428,435,265,146,57
2018,Липецкая область,3488,201,1741,956,273,219,78
2018,Луганская Народная Республика,4,0,1,3,0,0,0
2018,Магаданская область,159,4,65,35,33,21,1
2018,Москва,5526,157,1219,2408,1077,521,135
2018,Московская область,3680,79,1144,1356,541,463,90
2018,Мурманская область,1281,51,557,295,185,150,40
2018,Ненецкий автономный округ,185,9,70,52,26,14,14
2018,Нижегородская область,3546,142,1756,1075,298,225,38
2018,Новгородская область,944,29,278,378,111,126,19
2018,Новосибирская область,1166,40,302,476,203,124,21
2018,Омская область,838,22,156,326,169,146,18
2018,Оренбургская область,3671,461,1840,751,286,265,59
2018,Орловская область,1066,30,331,442,120,101,35
2018,Пензенская область,1084,51,469,413,72,67,9
2018,Пермский край,772,26,201,261,152,111,20
2018,Приморский край,1688,69,746,597,132,117,27
2018,Псковская область,454,8,182,152,65,45,1
2018,Республика Адыгея,1168,109,554,264,86,126,28
2018,Республика Алтай,508,33,202,140,87,37,9
2018,Республика Башкортостан,5305,180,2461,1728,446,386,97
2018,Республика Бурятия,451,17,92,167,91,65,18
2018,Республика Дагестан,1606,102,804,485,134,68,12
2018,Республика Ингушетия,1268,8,27,1045,171,13,4
2018,Республика Калмыкия,2578,65,453,1436,457,138,29
2018,Республика Карелия,557,15,181,126,108,110,17
2018,Республика Коми,2049,180,1098,385,185,164,29
2018,Республика Крым,1211,58,437,406,111,93,105
2018,Республика Марий Эл,969,45,342,365,100,92,24
2018,Республика Мордовия,2720,202,1234,956,183,115,29
2018,Республика Саха (Якутия),842,31,246,321,168,55,21
2018,Республика Северная Осетия - Алания,766,19,193,445,59,35,13
2018,Республика Татарстан (Татарстан),2492,131,1063,746,255,257,38
2018,Республика Тыва,2346,150,445,652,630,349,118
2018,Республика Хакасия,442,20,130,173,68,47,3
2018,Ростовская область,8394,254,4773,2099,582,424,236
2018,Рязанская область,2903,219,1479,729,174,211,86
2018,Самарская область,2415,95,994,767,209,167,179
2018,Санкт-Петербург,3400,93,985,1408,549,290,68
2018,Саратовская область,1836,59,958,525,134,131,24
2018,Сахалинская область,1121,60,469,239,167,162,24
2018,Свердловская область,4621,325,2173,1222,454,364,81
2018,Севастополь,565,30,223,197,68,40,6
2018,Смоленская область,2942,215,1710,709,114,164,29
2018,Ставропольский край,1393,44,788,323,120,93,22
2018,Тамбовская область,1624,46,686,660,95,117,16
2018,Тверская область,5420,110,2617,2242,272,136,38
2018,Томская область,719,9,196,425,56,28,5
2018,Тульская область,3931,115,2161,1296,174,149,32
2018,Тюменская область,3457,182,1258,960,470,488,90
2018,Удмуртская Республика,1567,54,785,422,132,133,39
2018,Ульяновская область,1251,49,499,411,145,123,24
2018,Хабаровский край,1009,25,298,443,157,77,7
2018,Ханты-Мансийский автономный округ - Югра,2811,95,1018,529,477,501,183
2018,Херсонская область,7,0,1,3,3,0,0
2018,Челябинская область,4375,154,1839,1879,273,166,57
2018,Чеченская Республика,1078,14,62,322,449,203,27
2018,Чувашская Республика - Чувашия,4055,188,2559,984,156,128,29
2018,Чукотский автономный округ,62,7,15,11,19,10,0
2018,Ямало-Ненецкий автономный округ,4431,156,928,579,1292,1351,111
2018,Ярославская область,752,20,184,337,133,66,12
2017,"",24307,96,2890,7495,1109,1040,264
2017,Алтайский край,188,1,52,65,21,22,4
2017,Амурская область,249,3,107,77,27,22,4
2017,Архангельская область,167,2,49,70,21,7,1
2017,Астраханская область,87,0,19,51,8,3,0
2017,Белгородская область,200,2,42,96,34,6,0
2017,Брянская область,568,5,251,175,20,72,2
2017,Владимирская область,126,2,12,59,33,7,0
2017,Волгоградская область,152,1,18,71,25,11,4
2017,Вологодская область,204,2,29,89,41,30,0
2017,Воронежская область,119,3,24,56,17,11,2
2017,Еврейская автономная область,25,1,11,6,5,1,0
2017,Забайкальский край,77,0,6,48,8,7,0
2017,Запорожская область,1,0,0,1,0,0,0
2017,Ивановская область,317,2,109,123,22,31,5
2017,Иркутская область,229,2,46,92,35,26,8
2017,Кабардино-Балкарская Республика,45,0,17,15,6,2,1
2017,Калининградская область,158,3,46,71,20,6,1
2017,Калужская область,113,1,18,69,16,3,1
2017,Камчатский край,105,4,39,29,12,16,1
2017,Карачаево-Черкесская Республика,17,0,5,6,5,1,0
2017,Кемеровская область - Кузбасс,238,6,63,69,52,29,3
2017,Кировская область,333,7,114,122,43,27,3
2017,Костромская область,96,1,17,39,15,16,2
2017,Краснодарский край,442,8,99,211,49,33,11
2017,Красноярский край,165,2,32,55,37,25,4
2017,Курганская область,87,0,23,41,9,6,3
2017,Курская область,639,2,265,252,27,42,4
2017,Ленинградская область,422,7,143,136,61,25,9
2017,Липецкая область,195,6,57,75,27,20,3
2017,Луганская Народная Республика,1,0,1,0,0,0,0
2017,Магаданская область,34,0,12,11,3,5,0
2017,Москва,816,8,115,451,126,57,21
2017,Московская область,584,8,113,297,75,52,6
2017,Мурманская область,337,1,128,123,26,35,1
2017,Ненецкий автономный округ,48,0,21,16,7,0,0
2017,Нижегородская область,465,6,109,209,59,36,9
2017,Новгородская область,112,0,21,56,18,10,0
2017,Новосибирская область,113,1,20,48,22,14,2
2017,Омская область,143,4,21,51,26,12,5
2017,Оренбургская область,706,2,372,244,33,25,3
2017,Орловская область,127,1,26,79,10,5,1
2017,Пензенская область,120,1,12,87,8,8,1
2017,Пермский край,123,0,19,60,22,15,2
2017,Приморский край,100,1,31,46,8,11,2
2017,Псковская область,82,1,33,15,11,17,1
2017,Республика Адыгея,134,3,52,47,11,10,4
2017,Республика Алтай,84,2,12,40,16,9,2
2017,Республика Башкортостан,562,3,145,271,68,38,6
2017,Республика Бурятия,79,0,21,36,12,5,0
2017,Республика Дагестан,405,0,182,119,33,15,0
2017,Республика Ингушетия,12,0,0,7,5,0,0
2017,Республика Калмыкия,11,0,3,4,2,1,0
2017,Республика Карелия,95,1,34,35,11,8,1
2017,Республика Коми,100,0,16,36,31,12,1
2017,Республика Крым,354,8,126,115,45,30,3
2017,Республика Марий Эл,49,0,10,25,4,9,0
2017,Республика Мордовия,79,0,17,45,7,6,2
2017,Республика Саха (Якутия),67,2,10,24,17,9,0
2017,Республика Северная Осетия - Алания,123,0,21,81,7,9,1
2017,Республика Татарстан (Татарстан),244,4,45,149,22,13,3
2017,Республика Тыва,42,1,7,21,8,1,0
2017,Республика Хакасия,31,0,2,5,13,9,1
2017,Ростовская область,924,17,376,273,86,55,6
2017,Рязанская область,165,1,27,94,15,17,4
2017,Самарская область,290,4,63,106,49,34,14
2017,Санкт-Петербург,537,4,123,281,60,37,10
2017,Саратовская область,397,3,182,127,22,27,4
2017,Сахалинская область,259,1,130,61,26,19,2
2017,Свердловская область,419,5,68,197,53,35,6
2017,Севастополь,61,1,13,33,6,5,0
2017,Смоленская область,1541,12,660,610,49,108,6
2017,Ставропольский край,189,0,37,107,22,10,2
2017,Тамбовская область,329,0,29,254,24,12,4
2017,Тверская область,72,0,7,42,13,8,1
2017,Томская область,81,1,12,47,11,4,1
2017,Тульская область,368,7,120,144,34,28,3
2017,Тюменская область,191,3,38,60,33,22,24
2017,Удмуртская Республика,117,0,13,69,14,9,2
2017,Ульяновская область,307,1,87,144,24,18,2
2017,Хабаровский край,157,0,40,65,29,12,0
2017,Ханты-Мансийский автономный округ - Югра,263,4,50,49,68,54,17
2017,Херсонская область,2,0,0,2,0,0,0
2017,Челябинская область,227,3,47,125,29,11,0
2017,Чеченская Республика,42,1,1,28,6,3,0
2017,Чувашская Республика - Чувашия,258,3,112,78,27,16,2
2017,Чукотский автономный округ,1,0,0,0,1,0,0
2017,Ямало-Ненецкий автономный округ,259,3,104,60,47,31,1
2017,Ярославская область,179,1,14,127,23,8,1
2016,"",161,0,38,27,3,4,1
2016,Алтайский край,15,0,4,5,4,2,0
2016,Амурская область,38,0,23,12,3,0,0
2016,Архангельская область,13,0,3,4,3,2,1
2016,Астраханская область,4,0,0,4,0,0,0
2016,Белгородская область,16,1,6,6,3,0,0
2016,Брянская область,1,0,0,0,0,1,0
2016,Владимирская область,1,0,0,1,0,0,0
2016,Волгоградская область,12,0,6,6,0,0,0
2016,Вологодская область,1,0,0,0,1,0,0
2016,Воронежская область,12,0,0,9,3,0,0
2016,Ивановская область,11,0,6,4,1,0,0
2016,Иркутская область,12,0,6,4,1,1,0
2016,Кабардино-Балкарская Республика,1,0,0,1,0,0,0
2016,Калининградская область,5,0,0,2,3,0,0
2016,Кемеровская область - Кузбасс,4,0,2,1,1,0,0
2016,Кировская область,3,0,0,2,1,0,0
2016,Костромская область,1,0,0,0,1,0,0
2016,Краснодарский край,12,0,2,5,2,1,1
2016,Красноярский край,4,0,0,3,1,0,0
2016,Курганская область,9,0,4,2,2,0,1
2016,Курская область,12,0,3,9,0,0,0
2016,Ленинградская область,3,0,1,1,1,0,0
2016,Липецкая область,2,0,0,2,0,0,0
2016,Магаданская область,1,0,1,0,0,0,0
2016,Москва,58,0,9,38,9,0,1
2016,Московская область,15,0,2,6,5,1,0
2016,Мурманская область,3,0,0,2,0,0,0
2016,Ненецкий автономный округ,3,0,1,0,2,0,0
2016,Нижегородская область,5,0,0,3,1,1,0
2016,Новгородская область,7,0,1,3,3,0,0
2016,Новосибирская область,4,0,1,2,0,0,1
2016,Омская область,9,0,1,5,2,0,1
2016,Оренбургская область,3,0,2,0,1,0,0
2016,Орловская область,3,0,1,1,1,0,0
2016,Пензенская область,3,0,0,3,0,0,0
2016,Пермский край,16,0,3,7,4,1,1
2016,Приморский край,6,0,1,4,1,0,0
2016,Псковская область,2,0,0,2,0,0,0
2016,Республика Адыгея,3,0,1,1,1,0,0
2016,Республика Алтай,17,0,13,0,2,2,0
2016,Республика Башкортостан,3,0,1,2,0,0,0
2016,Республика Бурятия,30,0,9,17,2,0,0
2016,Республика Дагестан,1,0,0,0,1,0,0
2016,Республика Карелия,5,0,0,4,1,0,0
2016,Республика Коми,7,0,0,6,0,1,0
2016,Республика Крым,4,0,1,2,1,0,0
2016,Республика Мордовия,1,0,0,1,0,0,0
2016,Республика Северная Осетия - Алания,3,0,0,3,0,0,0
2016,Республика Татарстан (Татарстан),8,0,0,1,6,0,0
2016,Республика Тыва,1,0,0,1,0,0,0
2016,Ростовская область,9,0,4,3,2,0,0
2016,Рязанская область,2,0,0,1,0,0,0
2016,Самарская область,18,0,2,8,5,3,0
2016,Санкт-Петербург,34,0,5,23,4,2,0
2016,Саратовская область,57,0,36,13,5,0,0
2016,Свердловская область,11,0,3,5,1,1,0
2016,Севастополь,14,0,6,3,2,2,0
2016,Смоленская область,3,0,0,2,0,1,0
2016,Ставропольский край,5,0,0,4,0,1,0
2016,Тамбовская область,2,0,0,2,0,0,0
2016,Тверская область,3,0,1,0,1,1,0
2016,Томская область,4,0,0,3,1,0,0
2016,Тульская область,5,0,1,3,0,1,0
2016,Тюменская область,3,0,1,0,0,1,1
2016,Удмуртская Республика,5,0,1,2,2,0,0
2016,Ульяновская область,3,0,0,2,0,1,0
2016,Хабаровский край,7,0,2,3,2,0,0
2016,Ханты-Мансийский автономный округ - Югра,1,0,0,0,1,0,0
2016,Челябинская область,12,0,3,8,1,0,0
2016,Чувашская Республика - Чувашия,5,0,3,1,0,1,0
2016,Ямало-Ненецкий автономный округ,1,0,0,0,0,1,0
